molecule_chembl_id,canonical_smiles,bioactivity_class,MW,LogP,NumHDonors,NumHAcceptors,pIC50
CHEMBL2402206,Cc1ccc(S(=O)(=O)c2cnc(SCC(=O)Nc3ccccc3C(F)(F)F)[nH]c2=O)c(C)c1,inactive,497.5200000000001,3.969140000000002,2.0,6.0,3.9281179926938745
CHEMBL2402205,CC(C)C[C@H](NC(=O)[C@H](Cc1ccccc1)NC(=O)[C@H](CCC(=O)O)NC(=O)CNC(=O)[C@@H](NC(=O)[C@H](CCC(=O)O)NC(=O)[C@H](CCC(=O)O)NC(=O)[C@H](CC(=O)O)NC(=O)[C@H](CC(C)C)NC(=O)[C@H](CCC(N)=O)NC(=O)[C@H](CC(C)C)NC(=O)[C@H](CCC(N)=O)NC(=O)[C@H](C)NC(=O)[C@H](Cc1ccccc1)NC(=O)[C@H](Cc1ccccc1)NC(=O)[C@H](C)N)[C@@H](C)O)C(=O)O,active,1858.0360000000005,-4.8111999999999755,24.0,24.0,7.481486060122112
CHEMBL3237245,COc1ccc(S(=O)(=O)N(CC(=O)O)c2ccc(N(CC(=O)O)S(=O)(=O)c3ccc(OC)cc3)c3ccccc23)cc1,active,614.6540000000002,3.416800000000001,2.0,8.0,7.698970004336019
CHEMBL3632707,CCOC(=O)CN(c1ccc(N(CC(=O)OCC)S(=O)(=O)c2ccc(OC)cc2)c2ccccc12)S(=O)(=O)c1ccc(OC)cc1,inactive,670.7620000000002,4.373800000000004,0.0,10.0,3.6020599913279625
CHEMBL3632711,COc1ccc(S(=O)(=O)N(CC(N)=O)c2ccc(N(CC(N)=O)S(=O)(=O)c3ccc(OC)cc3)c3ccccc23)cc1,active,612.6860000000003,2.2182000000000004,2.0,8.0,7.356547323513812
CHEMBL3632882,CCOC(=O)CN(c1ccc(NS(=O)(=O)c2ccc(OC)cc2)c2ccccc12)S(=O)(=O)c1ccc(OC)cc1,active,584.6720000000003,4.416200000000004,1.0,8.0,6.3979400086720375
CHEMBL3617852,COc1ccc(S(=O)(=O)Nc2ccc(N(CC(=O)O)S(=O)(=O)c3ccc(OC)cc3)c3ccccc23)cc1,active,556.6180000000003,3.937700000000002,2.0,7.0,6.958607314841775
CHEMBL3818085,CN(Cc1cc([C@H](CC(=O)O)c2ccc3c(c2)nnn3C)ccc1Cl)S(=O)(=O)c1ccccc1,active,498.99200000000013,4.049000000000003,1.0,6.0,6.568636235841013
CHEMBL3819386,Cn1nnc2cc(C(CC(=O)O)c3ccc(Cl)cc3)ccc21,inactive,315.76,3.228300000000001,1.0,4.0,4.214670164989233
CHEMBL3819037,O=C(O)CCc1ccc(Cl)cc1,inactive,184.622,2.3572000000000006,1.0,1.0,3.0
CHEMBL3827061,Cc1nc(-c2ccccc2)sc1S(=O)(=O)Nc1ccc(N2CC[C@@H](C(=O)O)C2)c2ccccc12,active,493.6100000000003,4.983420000000003,2.0,6.0,6.3979400086720375
CHEMBL3827496,Cc1cc(C)c(C)c(S(=O)(=O)Nc2ccc(N3CC[C@@H](C(=O)O)C3)c3ncccc23)c1C,active,453.5640000000003,4.180180000000004,2.0,5.0,6.154901959985743
CHEMBL3827630,Cc1c(S(=O)(=O)Nc2ccc(N3CC[C@@H](C(=O)O)C3)c3ccccc23)sc2ccc(Cl)cc12,active,501.02900000000017,5.728020000000003,2.0,5.0,6.698970004336019
CHEMBL3827626,Cc1cc(C)c(C)c(S(=O)(=O)Nc2ccc(N3CC[C@@H](C(=O)O)C3)c3ccccc23)c1C,active,452.5760000000003,4.785180000000004,2.0,4.0,7.0
CHEMBL3827019,Cc1cc(C)c(C)c(S(=O)(=O)Nc2ccc(N3CCC(C(=O)O)C3)c3ccccc23)c1C,active,452.5760000000003,4.785180000000004,2.0,4.0,6.698970004336019
CHEMBL3913014,CC(=O)N[C@H]1CSSC[C@@H](C(=O)O)NC(=O)[C@H](CC(C)C)NC(=O)[C@H](Cc2ccc(O)cc2)NC(=O)[C@H](CCC(=O)O)NC(=O)CNC(=O)[C@H]([C@@H](C)O)NC(=O)[C@H](CCC(=O)O)NC(=O)[C@@H]2CCCN2C(=O)[C@H](CC(=O)O)NC(=O)[C@H](CC(C)C)NC1=O,active,1282.416,-3.4181000000000132,16.0,19.0,8.024568191490737
CHEMBL3982888,CC(=O)N[C@@H](CC(C)C)C(=O)N[C@@H](CC(=O)O)C(=O)N1CCC[C@H]1C(=O)N[C@@H](CCC(=O)O)C(=O)N[C@H](C(=O)NCC(=O)N[C@@H](CCC(=O)O)C(=O)N[C@@H](Cc1ccc(O)cc1)C(=O)N[C@@H](CC(C)C)C(=O)O)[C@@H](C)O,active,1078.1399999999999,-2.782700000000012,14.0,15.0,7.528708288941061
CHEMBL3928693,CC(=O)N[C@@H](CC(=O)O)C(=O)N1CCC[C@H]1C(=O)N[C@@H](CCC(=O)O)C(=O)N[C@H](C(=O)NCC(=O)N[C@@H](CCC(=O)O)C(=O)N[C@@H](CC(C)C)C(=O)O)[C@@H](C)O,active,801.8040000000001,-3.7467000000000055,11.0,12.0,6.939302159646388
CHEMBL3890847,Cc1cccc2c1CCN(C(=O)[C@@H]1CCCC[C@@H]1C(=O)O)[C@@H]2CN1Cc2ccccc2C1=O,active,446.5470000000002,3.9678200000000032,1.0,3.0,6.1249387366083
CHEMBL3970907,CC(=O)N[C@@H](CC(=O)O)C(=O)N[C@@H](C)C(=O)N[C@@H](CCC(=O)O)C(=O)N[C@H](C(=O)NCC(=O)N[C@@H](CCC(=O)O)C(=O)N[C@@H](Cc1ccccc1)C(=O)O)[C@@H](C)O,active,809.7830000000002,-4.036400000000007,12.0,12.0,6.136677139879544
CHEMBL3134422,CC(=O)N[C@@H](CC(C)C)C(=O)N[C@@H](CC(=O)O)C(=O)N[C@@H](CCC(=O)O)C(=O)N[C@@H](CCC(=O)O)C(=O)N[C@H](C(=O)NCC(=O)N[C@@H](CCC(=O)O)C(=O)N[C@@H](Cc1ccccc1)C(=O)N[C@@H](CC(C)C)C(N)=O)[C@@H](C)O,active,1093.1549999999997,-3.7290000000000147,15.0,15.0,6.7121982700697735
CHEMBL3965115,CC(=O)N[C@@H](CC(C)C)C(=O)N[C@@H](CC(=O)O)C(=O)N1CCC[C@H]1C(=O)N[C@@H](CCC(=O)O)C(=O)N[C@H](C(=O)NCC(=O)N[C@@H](CCC(=O)O)C(=O)N[C@@H](Cc1ccccc1)C(=O)N[C@@H](CC(C)C)C(=O)O)[C@@H](C)O,active,1062.1409999999998,-2.4883000000000117,13.0,14.0,7.370590400897281
CHEMBL3908796,CC(=O)N[C@@H](CC(=O)O)C(=O)N1CCC[C@H]1C(=O)N[C@@H](CCC(=O)O)C(=O)N[C@H](C(=O)NCC(=O)N[C@@H](CCC(=O)O)C(=O)N[C@@H](Cc1ccccc1)C(=O)O)[C@@H](C)O,active,835.8210000000001,-3.550100000000007,11.0,12.0,6.605548319173784
CHEMBL4077198,CCOc1ccc(S(=O)(=O)Nc2cc3c(C(=O)NO)c(C)n(S(=O)(=O)c4ccc(OCC)cc4)c3c3ccccc23)cc1,active,623.7090000000002,5.057120000000004,3.0,9.0,6.698970004336019
CHEMBL4083845,CCOc1ccc(S(=O)(=O)Nc2cc3c(C(=O)NN)c(C)n(S(=O)(=O)c4ccc(OCC)cc4)c3c3ccccc23)cc1,active,622.7250000000003,4.5416200000000035,3.0,9.0,6.795880017344075
CHEMBL4062108,CNNC(=O)c1c(C)n(S(=O)(=O)c2ccc(OC)cc2)c2c1cc(NS(=O)(=O)c1ccc(OC)cc1)c1ccccc12,active,608.6980000000002,4.022120000000002,3.0,9.0,6.5376020021010435
CHEMBL4091619,COc1ccc(S(=O)(=O)Nc2cc3c(C(=O)NNc4ccccc4)c(C)n(S(=O)(=O)c4ccc(OC)cc4)c3c3ccccc23)cc1,active,670.7690000000001,5.914820000000005,3.0,9.0,6.7447274948966935
CHEMBL4070735,COc1ccc(S(=O)(=O)Nc2cc3c(C(=O)NNc4ccc([N+](=O)[O-])cc4)c(C)n(S(=O)(=O)c4ccc(OC)cc4)c3c3ccccc23)cc1,active,715.7660000000002,5.823020000000005,3.0,11.0,6.585026652029182
CHEMBL4099355,COc1ccc(NNC(=O)c2c(C)n(S(=O)(=O)c3ccc(OC)cc3)c3c2cc(NS(=O)(=O)c2ccc(OC)cc2)c2ccccc23)cc1,active,700.7950000000002,5.9234200000000055,3.0,10.0,6.769551078621726
CHEMBL3237245,COc1ccc(S(=O)(=O)N(CC(=O)O)c2ccc(N(CC(=O)O)S(=O)(=O)c3ccc(OC)cc3)c3ccccc23)cc1,active,614.6540000000002,3.416800000000001,2.0,8.0,6.638272163982407
CHEMBL4174294,O=C(O)[C@H]1C[C@H]1C(=O)N1CCc2ccccc2[C@H]1CN1C(=O)c2ccccc2C1=O,inactive,404.4220000000002,2.1293000000000006,1.0,4.0,4.681936665037238
CHEMBL4162919,O=C(O)[C@H]1CCNC[C@H]1C(=O)N1CCc2ccccc2[C@H]1CN1C(=O)c2ccccc2C1=O,inactive,447.4910000000002,1.7189000000000008,2.0,5.0,4.15676722190199
CHEMBL4167793,Cc1cccc2c1CCN(C(=O)[C@@H]1CCCC[C@@H]1C(=O)O)[C@@H]2CN1C(=O)c2ccccc2C1=O,active,460.5300000000002,3.6080200000000024,1.0,4.0,6.1249387366083
CHEMBL3827626,Cc1cc(C)c(C)c(S(=O)(=O)Nc2ccc(N3CC[C@@H](C(=O)O)C3)c3ccccc23)c1C,active,452.5760000000003,4.785180000000004,2.0,4.0,6.853871964321762
CHEMBL4174405,CC(=O)NCC(=O)N[C@@H](CCC(N)=O)C(=O)N[C@@H](CC(C)C)C(=O)N[C@@H](CC(=O)O)C(=O)N1CCC[C@H]1C(=O)N[C@@H](CCC(=O)O)C(=O)N[C@H](C(=O)NCC(=O)N[C@@H](CCC(=O)O)C(=O)N[C@@H](Cc1ccccc1)C(=O)N[C@@H](CC(C)C)C(=O)O)[C@@H](C)O,active,1247.3239999999998,-4.6218000000000234,16.0,17.0,7.19962664510865
CHEMBL4169002,CC(C)C[C@@H]1NC(=O)[C@H](Cc2ccccc2)NC(=O)[C@H](CCC(=O)O)NC(=O)CNC(=O)[C@H]([C@@H](C)O)NC(=O)[C@H](CCC(=O)O)NC(=O)[C@@H]2CCCN2C(=O)[C@H](CC(=O)O)NC(=O)[C@H](CC(C)C)NC(=O)[C@H](CCC(N)=O)NC(=O)CNC1=O,active,1187.2720000000002,-4.71270000000002,15.0,16.0,7.737311655698304
CHEMBL4175603,CCCC[C@@H]1CCCN1C(=O)c1cccc(-c2cccc(-n3ncc(C(=O)O)c3C3CC3)c2)c1,active,457.57400000000024,5.909700000000005,1.0,4.0,8.0
CHEMBL3899754,Cc1cc(C)c(C)c(S(=O)(=O)Nc2ccc(N3CC[C@H](C(=O)O)C3)c3ccccc23)c1C,active,452.5760000000003,4.785180000000004,2.0,4.0,6.853871964321762
CHEMBL3899754,Cc1cc(C)c(C)c(S(=O)(=O)Nc2ccc(N3CC[C@H](C(=O)O)C3)c3ccccc23)c1C,active,452.5760000000003,4.785180000000004,2.0,4.0,6.853871964321762
CHEMBL4474076,Cc1cc(C)c(S(=O)(=O)N(CC(=O)O)c2ccc(N3CCC[C@H]3C(=O)O)c3ccccc23)c(C)c1,inactive,496.5850000000003,4.098360000000003,2.0,5.0,4.79805693659835
CHEMBL4457780,COc1ccc(S(=O)(=O)Nc2ccc(N3CCC[C@@H]3C(=O)O)c3ccccc23)cc1,inactive,426.49400000000014,3.702600000000002,2.0,5.0,4.301029995663981
CHEMBL4518400,COc1ccc(S(=O)(=O)N(CC(=O)O)c2ccc(N3CCC[C@@H]3C(=O)O)c3ccccc23)cc1,inactive,484.53000000000026,3.181700000000001,2.0,6.0,4.830031826003108
CHEMBL4461055,COc1ccc(S(=O)(=O)Nc2ccc(N3CCC[C@H]3C(=O)O)c3ccccc23)cc1,inactive,426.49400000000014,3.702600000000002,2.0,5.0,4.735182176990463
CHEMBL4588743,COc1ccc(S(=O)(=O)N(CC(=O)O)c2ccc(N3CCC[C@H]3C(=O)O)c3ccccc23)cc1,active,484.53000000000026,3.181700000000001,2.0,6.0,7.366531544420414
CHEMBL4455435,COc1ccc(S(=O)(=O)Nc2ccc(N[C@@H](Cc3c[nH]c4ccccc34)C(=O)O)c3ccccc23)cc1,inactive,515.5910000000002,5.238300000000003,4.0,5.0,4.301029995663981
CHEMBL4462141,COc1ccc(S(=O)(=O)N(CC(=O)O)c2ccc(N[C@@H](Cc3c[nH]c4ccccc34)C(=O)O)c3ccccc23)cc1,active,573.6270000000002,4.717400000000003,4.0,6.0,6.229147988357855
CHEMBL4465581,COc1ccc(S(=O)(=O)Nc2ccc(N[C@@H](Cc3ccc(O)cc3)C(=O)O)c3ccccc23)cc1,inactive,492.5530000000002,4.462600000000003,4.0,6.0,4.301029995663981
CHEMBL4438367,COc1ccc(S(=O)(=O)Nc2ccc(N[C@@H](Cc3ccccc3)C(=O)O)c3ccccc23)cc1,inactive,476.5540000000002,4.757000000000003,3.0,5.0,4.8613815661005075
CHEMBL4440603,COc1ccc(S(=O)(=O)N(CC(=O)O)c2ccc(N[C@@H](Cc3ccccc3)C(=O)O)c3ccccc23)cc1,active,534.5900000000003,4.236100000000003,3.0,6.0,6.522878745280337
CHEMBL4446724,COc1ccc(S(=O)(=O)Nc2ccc(N[C@@H](CCC(=O)O)C(=O)O)c3ccccc23)cc1,inactive,458.49200000000025,3.379100000000001,4.0,6.0,4.907630300370879
CHEMBL4438752,COc1ccc(S(=O)(=O)N(CC(=O)O)c2ccc(N[C@@H](CCC(=O)O)C(=O)O)c3ccccc23)cc1,active,516.5280000000002,2.8582,4.0,7.0,6.259637310505756
CHEMBL4439070,COc1ccc(S(=O)(=O)Nc2ccc(N[C@@H](CC(=O)O)C(=O)O)c3ccccc23)cc1,inactive,444.4650000000002,2.9890000000000008,4.0,6.0,4.995678626217358
CHEMBL4522423,COc1ccc(S(=O)(=O)N(CC(=O)O)c2ccc(N[C@@H](CC(=O)O)C(=O)O)c3ccccc23)cc1,active,502.5010000000002,2.4681000000000006,4.0,7.0,6.346787486224656
CHEMBL4562295,COc1ccc(S(=O)(=O)Nc2ccc(N[C@@H](CO)C(=O)O)c3ccccc23)cc1,inactive,416.45500000000015,2.5066000000000006,4.0,6.0,4.301029995663981
CHEMBL4552364,COc1ccc(S(=O)(=O)N(CC(=O)O)c2ccc(N[C@@H](CO)C(=O)O)c3ccccc23)cc1,inactive,474.49100000000016,1.9856999999999998,4.0,7.0,4.301029995663981
CHEMBL4454849,COc1ccc(S(=O)(=O)Nc2ccc(N[C@@H](COC(C)(C)C)C(=O)O)c3ccccc23)cc1,inactive,472.5630000000003,4.329400000000003,3.0,6.0,4.477816682381314
CHEMBL4470508,COc1ccc(S(=O)(=O)Nc2ccc(N[C@H](C(=O)O)C(C)(C)C)c3ccccc23)cc1,inactive,442.5370000000002,4.560400000000003,3.0,5.0,4.301029995663981
CHEMBL4466277,COc1ccc(S(=O)(=O)N(CC(=O)O)c2ccc(N[C@H](C(=O)O)C(C)(C)C)c3ccccc23)cc1,inactive,500.5730000000002,4.039500000000003,3.0,6.0,4.9582126810282485
CHEMBL4462357,COc1ccc(S(=O)(=O)Nc2ccc(N[C@@H](CCS(C)(=O)=O)C(=O)O)c3ccccc23)cc1,inactive,492.5750000000003,2.9490000000000007,3.0,7.0,4.301029995663981
CHEMBL4561918,COc1ccc(S(=O)(=O)Nc2ccc(N[C@@H](CC(C)C)C(=O)O)c3ccccc23)cc1,inactive,442.5370000000002,4.560400000000003,3.0,5.0,4.301029995663981
CHEMBL4573058,COc1ccc(S(=O)(=O)N(CC(=O)O)c2ccc(N[C@@H](CC(C)C)C(=O)O)c3ccccc23)cc1,inactive,500.5730000000002,4.039500000000003,3.0,6.0,4.4698003017969175
CHEMBL4529979,CC[C@H](C)[C@H](Nc1ccc(NS(=O)(=O)c2ccc(OC)cc2)c2ccccc12)C(=O)O,inactive,442.5370000000002,4.560400000000002,3.0,5.0,4.556893543262734
CHEMBL4469680,COc1ccc(S(=O)(=O)Nc2ccc(N[C@H](C(=O)O)C(C)C)c3ccccc23)cc1,inactive,428.51000000000016,4.170300000000003,3.0,5.0,4.301029995663981
CHEMBL4514275,COc1ccc(S(=O)(=O)Nc2ccc(N[C@@H](C)C(=O)O)c3ccccc23)cc1,inactive,400.45600000000013,3.534200000000002,3.0,5.0,4.301029995663981
CHEMBL3235901,CC(C)c1ccc(S(=O)(=O)Nc2cc(Sc3nc[nH]n3)c(O)c3ccccc23)cc1,inactive,440.55000000000007,4.738900000000004,3.0,6.0,4.0
CHEMBL3235901,CC(C)c1ccc(S(=O)(=O)Nc2cc(Sc3nc[nH]n3)c(O)c3ccccc23)cc1,inactive,440.55000000000007,4.738900000000004,3.0,6.0,4.0
CHEMBL3899754,Cc1cc(C)c(C)c(S(=O)(=O)Nc2ccc(N3CC[C@H](C(=O)O)C3)c3ccccc23)c1C,active,452.5760000000003,4.785180000000004,2.0,4.0,6.853871964321762
CHEMBL4440989,CCCCC1CCCN1C(=O)[C@@H]1CCC[C@H](c2cccc(-n3ncc(C(=O)O)c3C3CC3)c2)C1,active,463.62200000000024,5.902900000000006,1.0,4.0,7.200659450546418
CHEMBL3819587,COc1cc([C@@H](CC(=O)O)c2ccc(C)c(CN3C[C@@H](C)Oc4ccccc4S3(=O)=O)c2)cc2nnn(C)c12,active,550.6370000000002,3.8637200000000034,1.0,8.0,8.096910013008056
CHEMBL4443801,O=C(O)CC(c1ccc(Cl)cc1)c1cccc(O)c1,inactive,276.719,3.6522000000000014,2.0,2.0,3.0
CHEMBL4588168,Cn1ccc(C(CC(=O)O)c2ccc(Cl)cc2)cc1=O,inactive,291.73400000000004,2.6453000000000007,1.0,3.0,3.585026652029182
CHEMBL4572418,Cn1nnc2cc([C@H](CC(=O)O)c3ccc(Cl)cc3)ccc21,inactive,315.76,3.228300000000001,1.0,4.0,3.769551078621726
CHEMBL4436743,Cn1nnc2cc([C@@H](CC(=O)O)c3ccc(Cl)cc3)ccc21,inactive,315.76,3.228300000000001,1.0,4.0,4.327902142064283
CHEMBL4461044,O=C(O)CC(c1ccc(Cl)cc1)c1ccn2cnnc2c1,inactive,301.733,2.989300000000001,1.0,4.0,3.4814860601221125
CHEMBL4552527,Cc1cc(C(CC(=O)O)c2ccc3c(c2)nnn3C)ccc1Cl,inactive,329.78700000000003,3.5367200000000016,1.0,4.0,4.356547323513812
CHEMBL4528658,Cn1nnc2cc(C(CC(=O)O)c3ccc(Cl)c(CO)c3)ccc21,inactive,345.78600000000006,2.720600000000001,2.0,5.0,3.853871964321762
CHEMBL4570791,CN(Cc1cc(C(CC(=O)O)c2ccc3c(c2)nnn3C)ccc1Cl)S(=O)(=O)c1cccnc1,active,499.98000000000013,3.4440000000000026,1.0,7.0,6.236572006437063
CHEMBL4542179,Cc1c(S(=O)(=O)N(C)Cc2cc(C(CC(=O)O)c3ccc4c(c3)nnn4C)ccc2Cl)cnn1C,active,517.0110000000001,3.0909200000000014,1.0,8.0,6.494850021680094
CHEMBL4473977,Cc1ccc(C(CC(=O)O)c2ccc3c(c2)nnn3C)cc1CN(C)S(=O)(=O)c1ccccc1,active,478.57400000000024,3.7040200000000025,1.0,6.0,6.886056647693163
CHEMBL4554007,COc1cc(C(CC(=O)O)c2ccc(C)c(CN(C)S(=O)(=O)c3ccccc3)c2)cc2nnn(C)c12,active,508.6000000000002,3.712620000000003,1.0,7.0,7.161150909262744
CHEMBL4464511,COc1cc(C(CC(=O)O)c2ccc(C)c(CN3CCOc4ccccc4S3(=O)=O)c2)cc2nnn(C)c12,active,536.6100000000002,3.475220000000002,1.0,8.0,7.327902142064283
CHEMBL4540327,COc1cc(C(CC(=O)O)c2ccc(C)c(CN3CCN(C)c4ccccc4S3(=O)=O)c2)cc2nnn(C)c12,active,549.6530000000001,3.5326200000000023,1.0,8.0,7.431798275933005
CHEMBL4567490,COc1cc(C(CC(=O)O)c2ccc(C)c(CN3C(C)COc4ccccc4S3(=O)=O)c2)cc2nnn(C)c12,active,550.6370000000002,3.8637200000000034,1.0,8.0,6.585026652029182
CHEMBL4447060,COc1cc(C(CC(=O)O)c2ccc(C)c(CN3CC(C)Oc4ccccc4S3(=O)=O)c2)cc2nnn(C)c12,active,550.6370000000002,3.8637200000000034,1.0,8.0,7.698970004336019
CHEMBL4454051,COc1cc(C(CC(=O)O)c2cccc(CN3CC(C)Oc4ccccc4S3(=O)=O)c2)cc2nnn(C)c12,active,536.6100000000001,3.5553000000000026,1.0,8.0,6.7447274948966935
CHEMBL4450921,COc1cc(C(CC(=O)O)c2ccc(C)c(CN3C[C@@H](C)Oc4ccccc4S3(=O)=O)c2)cc2nnn(C)c12,active,550.6370000000002,3.8637200000000034,1.0,8.0,8.0
CHEMBL4457466,COc1cc(C(CC(=O)O)c2ccc(C)c(CN3C[C@H](C)Oc4ccccc4S3(=O)=O)c2)cc2nnn(C)c12,active,550.6370000000002,3.8637200000000034,1.0,8.0,7.376750709602099
CHEMBL4578025,COc1cc([C@H](CC(=O)O)c2ccc(C)c(CN3C[C@@H](C)Oc4ccccc4S3(=O)=O)c2)cc2nnn(C)c12,active,550.6370000000002,3.8637200000000034,1.0,8.0,7.619788758288394
CHEMBL4516372,C[C@@H](O)[C@H](NC(=O)[C@H](CCC(=O)O)NC(=O)C1CSCN1C(=O)[C@@H](N)CC(=O)O)C(=O)NCC(=O)N[C@@H](CCC(=O)O)C(=O)NC(CC1CCCCC1)C(=O)O,active,817.8719999999998,-3.0893000000000033,11.0,13.0,7.508638306165727
CHEMBL4545736,COc1ccc(S(=O)(=O)N(CC(=O)O)c2ccc(N(CC(=O)O)S(=O)(=O)c3ccc(NC(=O)CCCC(=O)NCCNC(=O)CCCC[C@@H]4SC[C@@H]5NC(=O)N[C@@H]54)cc3)c3ccccc23)cc1,active,982.1289999999996,3.4752000000000036,7.0,12.0,7.130768280269024
CHEMBL4440393,COc1ccc(S(=O)(=O)N(CC(=O)O)c2ccc(N(CC(=O)O)S(=O)(=O)c3ccc(NC(=O)CCCC(=O)NCCN)cc3)c3ccccc23)cc1,active,755.8279999999999,2.5919000000000025,5.0,10.0,7.512861624522813
CHEMBL4634673,COc1ccc(S(=O)(=O)Cc2ccc(N(CC(=O)O)S(=O)(=O)c3ccc(OC)cc3)c3ccccc23)cc1,active,555.6300000000002,4.110800000000003,1.0,7.0,6.168770306132936
CHEMBL4645572,COc1ccc(S(=O)(=O)N(CC(=O)O)c2ccc(/C=C/C(=O)O)c3ccccc23)cc1,inactive,441.4610000000001,3.2261000000000015,2.0,5.0,4.886056647693163
CHEMBL4649100,COc1ccc(S(=O)(=O)Nc2ccc(/C=C/C(=O)O)c3ccccc23)cc1,inactive,383.4250000000001,3.7470000000000017,2.0,4.0,4.6020599913279625
CHEMBL4647075,COc1ccc(S(=O)(=O)Nc2ccc(CCC(=O)O)c3ccccc23)cc1,inactive,385.4410000000001,3.666400000000002,2.0,4.0,4.6020599913279625
CHEMBL4639807,COc1ccc(S(=O)(=O)Cc2ccc(CS(=O)(=O)c3ccc(OC)cc3)c3ccccc23)cc1,inactive,496.6060000000002,4.804800000000005,0.0,6.0,4.6020599913279625
CHEMBL4641126,COc1ccc(S(=O)(=O)Cc2ccc(N(C(C)C(=O)O)S(=O)(=O)c3ccc(OC)cc3)c3ccccc23)cc1,active,569.6570000000003,4.499300000000003,1.0,7.0,6.723538195826756
CHEMBL4649087,COc1ccc(S(=O)(=O)Cc2ccc(N(C(C(=O)O)c3ccccc3)S(=O)(=O)c3ccc(OC)cc3)c3ccccc23)cc1,inactive,631.7280000000002,5.852100000000005,1.0,7.0,4.853871964321762
CHEMBL4632368,COc1ccc(S(=O)(=O)Nc2ccc(N(C(C)C(=O)O)S(=O)(=O)c3ccc(OC)cc3)c3ccccc23)cc1,active,570.6450000000003,4.326200000000004,2.0,7.0,6.899629454882437
CHEMBL4632722,COc1ccc(S(=O)(=O)Cc2ccc(N([C@H](C)C(=O)O)S(=O)(=O)c3ccc(OC)cc3)c3ccccc23)cc1,active,569.6570000000003,4.499300000000003,1.0,7.0,6.82102305270683
CHEMBL4647946,COc1ccc(S(=O)(=O)Cc2ccc(N([C@@H](C)C(=O)O)S(=O)(=O)c3ccc(OC)cc3)c3ccccc23)cc1,active,569.6570000000003,4.499300000000003,1.0,7.0,6.617982957425132
CHEMBL3827626,Cc1cc(C)c(C)c(S(=O)(=O)Nc2ccc(N3CC[C@@H](C(=O)O)C3)c3ccccc23)c1C,active,452.5760000000003,4.785180000000004,2.0,4.0,6.853871964321762
CHEMBL4440989,CCCCC1CCCN1C(=O)[C@@H]1CCC[C@H](c2cccc(-n3ncc(C(=O)O)c3C3CC3)c2)C1,active,463.62200000000024,5.902900000000006,1.0,4.0,7.200659450546418
CHEMBL4638389,O=C(O)[C@H]1CC[C@H]1C(=O)N1CCc2c(O)cccc2[C@H]1CN1C(=O)c2ccccc2C1=O,active,434.4480000000002,2.2250000000000005,2.0,5.0,6.064492734175287
CHEMBL4648472,CC(=O)N[C@@H](CC(C)C)C(=O)N[C@@H](CC(=O)O)C(=O)N[C@@H](CCC(=O)O)C(=O)N[C@@H](CCC(=O)O)C(=O)N[C@H](C(=O)NCC(=O)N[C@@H](Cc1ccccc1)C(=O)N[C@@H](Cc1ccccc1)C(=O)N[C@@H](CC(C)C)C(N)=O)[C@@H](C)O,inactive,1111.2169999999999,-2.3511000000000153,14.0,14.0,4.301029995663981
CHEMBL4638535,CC(=O)N[C@@H](CC(C)C)C(=O)N[C@@H](CC(=O)O)C(=O)N[C@@H](CCC(=O)O)C(=O)N[C@@H](CCC(=O)O)C(=O)N[C@H](C(=O)NCC(=O)N[C@@H](CC1CCCC1)C(=O)N[C@@H](Cc1ccccc1)C(=O)N[C@@H](CC(C)C)C(N)=O)[C@@H](C)O,inactive,1103.2379999999996,-2.013500000000011,14.0,14.0,4.1938200260161125
CHEMBL4633579,CC(=O)N[C@@H](CC(C)C)C(=O)N[C@@H](CC(=O)O)C(=O)N[C@@H](CCC(=O)O)C(=O)N[C@@H](CCC(=O)O)C(=O)N[C@H](C(=O)NCC(=O)N[C@@H](CCCNC(=N)N)C(=O)N[C@@H](Cc1ccccc1)C(=O)N[C@@H](CC(C)C)C(N)=O)[C@@H](C)O,inactive,1120.2289999999996,-4.330530000000021,17.0,15.0,4.5376020021010435
CHEMBL4637259,CC(=O)N[C@@H](CC(C)C)C(=O)N[C@@H](CC(=O)O)C(=O)N[C@@H](CCC(=O)O)C(=O)N[C@@H](CCC(=O)O)C(=O)N[C@H](C(=O)NCC(=O)N[C@@H](CC1CC1)C(=O)N[C@@H](Cc1ccccc1)C(=O)N[C@@H](CC(C)C)C(N)=O)[C@@H](C)O,inactive,1075.1839999999995,-2.7937000000000114,14.0,14.0,4.1938200260161125
CHEMBL3134422,CC(=O)N[C@@H](CC(C)C)C(=O)N[C@@H](CC(=O)O)C(=O)N[C@@H](CCC(=O)O)C(=O)N[C@@H](CCC(=O)O)C(=O)N[C@H](C(=O)NCC(=O)N[C@@H](CCC(=O)O)C(=O)N[C@@H](Cc1ccccc1)C(=O)N[C@@H](CC(C)C)C(N)=O)[C@@H](C)O,active,1093.1549999999997,-3.7290000000000147,15.0,15.0,6.698970004336019
CHEMBL4639381,O=C(O)[C@H]1CCCC[C@H]1C(=O)N1CCc2c(O)cccc2[C@H]1CN1C(=O)c2ccccc2C1=O,active,462.50200000000024,3.005200000000001,2.0,5.0,7.008773924307505
CHEMBL4634711,O=C(O)[C@H]1CCCC[C@H]1C(=O)N1CCc2c(C#CCO)cccc2[C@H]1CN1C(=O)c2ccccc2C1=O,active,500.5510000000003,2.6434000000000006,2.0,5.0,6.5951662833800615
CHEMBL4636738,O=C(O)[C@H]1CCCC[C@H]1C(=O)N1CCc2c(OCCO)cccc2[C@H]1CN1C(=O)c2ccccc2C1=O,active,506.55500000000023,2.670700000000001,2.0,6.0,6.73754891026957
CHEMBL2381968,O=C(O)[C@H]1CCCC[C@H]1C(=O)N1CCc2ccccc2[C@H]1CN1C(=O)c2ccccc2C1=O,active,446.5030000000002,3.2996000000000016,1.0,4.0,6.101274818410507
CHEMBL3237245,COc1ccc(S(=O)(=O)N(CC(=O)O)c2ccc(N(CC(=O)O)S(=O)(=O)c3ccc(OC)cc3)c3ccccc23)cc1,active,614.6540000000002,3.416800000000001,2.0,8.0,6.958607314841775
CHEMBL4640621,COc1ccc(S(=O)(=O)N(Cc2ccccc2CN([C@@H](C)C(=O)O)S(=O)(=O)c2ccc(OC)cc2)[C@@H](C)C(=O)O)cc1,active,620.7020000000003,3.0318000000000005,2.0,8.0,6.823908740944319
CHEMBL4646358,COc1ccc(S(=O)(=O)N(Cc2ccccc2CN([C@H](C)C(=O)O)S(=O)(=O)c2ccc(OC)cc2)[C@H](C)C(=O)O)cc1,active,620.7020000000003,3.0318000000000005,2.0,8.0,6.2076083105017466
CHEMBL4635873,O=C(O)CN(Cc1ccccc1CN(CC(=O)O)S(=O)(=O)c1ccc(OCc2ccccc2)cc1)S(=O)(=O)c1ccc(OCc2ccccc2)cc1,active,744.8440000000002,5.395600000000005,2.0,8.0,6.2441251443275085
CHEMBL4637517,O=C(O)CN(Cc1ccccc1CN(CC(=O)O)S(=O)(=O)c1ccc2oc3ccccc3c2c1)S(=O)(=O)c1ccc2oc3ccccc3c2c1,active,712.7580000000002,6.036400000000006,2.0,8.0,6.376750709602099
CHEMBL4780553,COc1cccc(Nc2ccc(C)c(N(CC(=O)O)S(=O)(=O)c3c(C)cc(C)cc3C)c2)c1,inactive,468.5750000000002,4.952380000000004,2.0,5.0,3.9913998282380825
CHEMBL4751309,COc1cccc(Nc2cc(C)cc(N(CC(=O)O)S(=O)(=O)c3c(C)cc(C)cc3C)c2)c1,inactive,468.5750000000002,4.952380000000004,2.0,5.0,4.0301183562535
CHEMBL4798370,COc1cccc(Nc2cc(N(CC(=O)O)S(=O)(=O)c3c(C)cc(C)cc3C)ccc2C)c1,inactive,468.5750000000003,4.952380000000004,2.0,5.0,4.0195421077238995
CHEMBL4787914,COc1cccc(Nc2cccc(N(CC(=O)O)S(=O)(=O)c3c(C)cc(C)cc3C)c2C)c1,inactive,468.5750000000003,4.952380000000004,2.0,5.0,4.521433504406157
CHEMBL4763599,COc1cccc(Nc2cccc(N(CC(=O)O)S(=O)(=O)c3c(C)cc(C)cc3C)c2)c1,inactive,454.54800000000023,4.643960000000003,2.0,5.0,3.9956786262173574
CHEMBL4777809,COc1cccc(Nc2cccc(N(CC(=O)O)S(=O)(=O)c3c(C)cc(C)cc3C)c2C(F)(F)F)c1,inactive,522.5450000000003,5.662760000000005,2.0,5.0,3.3010299956639813
CHEMBL4752550,COc1cccc(Nc2cccc(N(CC(=O)O)S(=O)(=O)c3c(C)cc(C)cc3C)c2F)c1,inactive,472.53800000000024,4.783060000000003,2.0,5.0,4.096367483915762
CHEMBL4792278,COc1cccc(Nc2cccc(N(CC(=O)O)S(=O)(=O)c3c(C)cc(C)cc3C)c2OC)c1,inactive,484.5740000000003,4.652560000000004,2.0,6.0,4.257274868695302
CHEMBL4764744,COc1cccc(Nc2ccc(N(CC(=O)O)S(=O)(=O)c3c(C)cc(C)cc3C)cc2)c1,inactive,454.54800000000023,4.643960000000003,2.0,5.0,3.3010299956639813
CHEMBL4759783,COc1cccc(CN2CCc3c2cccc3N(CC(=O)O)S(=O)(=O)c2c(C)cc(C)cc2C)c1,inactive,494.6130000000002,4.463060000000004,1.0,5.0,4.785156151952302
CHEMBL4744410,COc1ccc(CN2CCc3c2cccc3N(CC(=O)O)S(=O)(=O)c2c(C)cc(C)cc2C)cc1,inactive,494.6130000000002,4.463060000000004,1.0,5.0,4.008773924307505
CHEMBL4745146,Cc1ccc(CN2CCc3c2cccc3N(CC(=O)O)S(=O)(=O)c2c(C)cc(C)cc2C)cc1,inactive,478.61400000000026,4.762880000000004,1.0,4.0,4.0
CHEMBL4745722,Cc1cc(C)c(S(=O)(=O)N(CC(=O)O)c2cccc3c2CCN3Cc2ccc(C(F)(F)F)cc2)c(C)c1,inactive,532.5840000000003,5.473260000000005,1.0,4.0,4.0
CHEMBL4795507,Cc1cc(C)c(S(=O)(=O)N(CC(=O)O)c2cccc3c2CCN3Cc2ccc(Br)cc2)c(C)c1,inactive,543.4830000000002,5.216960000000005,1.0,4.0,4.0
CHEMBL4791847,Cc1cc(C)c(S(=O)(=O)N(CC(=O)O)c2cccc3c2CCN3Cc2ccc(Cl)cc2)c(C)c1,inactive,499.03200000000027,5.107860000000005,1.0,4.0,4.0
CHEMBL4745243,COc1ccccc1CN1CCc2c1cccc2N(CC(=O)O)S(=O)(=O)c1c(C)cc(C)cc1C,inactive,494.6130000000003,4.463060000000004,1.0,5.0,4.0
CHEMBL4747781,Cc1cc(C)c(S(=O)(=O)N(CC(=O)O)c2cccc3c2CCN3Cc2ccccc2)c(C)c1,inactive,464.5870000000003,4.454460000000004,1.0,4.0,4.376750709602099
CHEMBL4764718,Cc1cccc(CN2CCc3c2cccc3N(CC(=O)O)S(=O)(=O)c2c(C)cc(C)cc2C)c1,inactive,478.61400000000026,4.762880000000004,1.0,4.0,4.0
CHEMBL4758483,Cc1cc(C)c(S(=O)(=O)N(CC(=O)O)c2cccc3c2CCN3Cc2cccc(C(F)(F)F)c2)c(C)c1,inactive,532.5840000000003,5.473260000000005,1.0,4.0,4.0
CHEMBL4777942,Cc1cc(C)c(S(=O)(=O)N(CC(=O)O)c2cccc3c2CCN3Cc2cccc(Br)c2)c(C)c1,inactive,543.4830000000002,5.216960000000005,1.0,4.0,4.0
CHEMBL4777493,Cc1cc(C)c(S(=O)(=O)N(CC(=O)O)c2cccc3c2CCN3Cc2cccc(Cl)c2)c(C)c1,inactive,499.03200000000027,5.107860000000005,1.0,4.0,4.0
CHEMBL4785655,Cc1cc(C)c(S(=O)(=O)N(CC(=O)O)c2cccc3c2CCN3Cc2cccc(C#N)c2)c(C)c1,inactive,489.5970000000003,4.326140000000003,1.0,5.0,4.605548319173784
CHEMBL4745921,Cc1cc(C)c(S(=O)(=O)N(CC(=O)O)c2cccc3c2CCN3Cc2cccc(-c3ccccc3)c2)c(C)c1,inactive,540.6850000000003,6.121460000000007,1.0,4.0,4.0
CHEMBL4787063,CCOc1cccc(CN2CCc3c2cccc3N(CC(=O)O)S(=O)(=O)c2c(C)cc(C)cc2C)c1,inactive,508.64000000000027,4.853160000000004,1.0,5.0,4.0
CHEMBL4755032,Cc1cc(C)c(S(=O)(=O)N(CC(=O)O)c2cccc3c2CCN3Cc2cccc(OC(C)C)c2)c(C)c1,inactive,522.6670000000004,5.241660000000005,1.0,5.0,4.0
CHEMBL4753443,Cc1cc(C)c(S(=O)(=O)N(CC(=O)O)c2cccc3c2CCN3Cc2cccc([N+](=O)[O-])c2)c(C)c1,inactive,509.58400000000034,4.3626600000000035,1.0,6.0,4.565431095965801
CHEMBL4754329,Cc1cc(C)cc(CN2CCc3c2cccc3N(CC(=O)O)S(=O)(=O)c2c(C)cc(C)cc2C)c1,inactive,492.64100000000025,5.071300000000004,1.0,4.0,4.653647025549361
CHEMBL4762700,Cc1cc(C)c(S(=O)(=O)N(CC(=O)O)c2cccc3c2CCN3Cc2cccc(C)c2C)c(C)c1,inactive,492.64100000000036,5.071300000000005,1.0,4.0,4.00788851221305
CHEMBL4746287,COc1cc(CN2CCc3c2cccc3N(CC(=O)O)S(=O)(=O)c2c(C)cc(C)cc2C)cc(OC)c1,inactive,524.6390000000004,4.4716600000000035,1.0,6.0,4.0
CHEMBL4776894,COc1cc(F)cc(CN2CCc3c2cccc3N(CC(=O)O)S(=O)(=O)c2c(C)cc(C)cc2C)c1,inactive,512.6030000000003,4.602160000000004,1.0,5.0,4.0
CHEMBL4746336,COc1ccc(CN2CCc3c2cccc3N(CC(=O)O)S(=O)(=O)c2c(C)cc(C)cc2C)cc1OC,inactive,524.6390000000002,4.4716600000000035,1.0,6.0,4.0
CHEMBL4752969,COc1cc(Br)cc(CN2CCc3c2cccc3N(CC(=O)O)S(=O)(=O)c2c(C)cc(C)cc2C)c1,inactive,573.5090000000001,5.225560000000004,1.0,5.0,4.0
CHEMBL4744371,COc1cc(C)cc(CN2CCc3c2cccc3N(CC(=O)O)S(=O)(=O)c2c(C)cc(C)cc2C)c1,inactive,508.64000000000027,4.771480000000005,1.0,5.0,4.0
CHEMBL4794829,COc1cccc(C(C(=O)NS(=O)(=O)c2cccnc2)N2CCc3c2cccc3N(CC(=O)O)S(=O)(=O)c2c(C)cc(C)cc2C)c1,inactive,678.7890000000001,3.9042600000000025,2.0,9.0,4.982966660701219
CHEMBL4781353,COc1cccc(C(C(=O)NS(=O)(=O)c2ccc(C(F)(F)F)cc2)N2CCc3c2cccc3N(CC(=O)O)S(=O)(=O)c2c(C)cc(C)cc2C)c1,inactive,745.7980000000001,5.528060000000005,2.0,8.0,4.351639989019068
CHEMBL4741683,COc1cccc(C(C(=O)NS(=O)(=O)c2ccccc2F)N2CCc3c2cccc3N(CC(=O)O)S(=O)(=O)c2c(C)cc(C)cc2C)c1,inactive,695.791,4.648360000000004,2.0,8.0,4.920818753952375
CHEMBL4754660,COc1cccc(C(C(=O)NS(=O)(=O)c2ccccc2C(F)(F)F)N2CCc3c2cccc3N(CC(=O)O)S(=O)(=O)c2c(C)cc(C)cc2C)c1,inactive,745.7980000000001,5.528060000000005,2.0,8.0,4.777283528852417
CHEMBL4764494,COc1cccc(C(C(=O)NS(=O)(=O)c2ccc(C)cc2OC)N2CCc3c2cccc3N(CC(=O)O)S(=O)(=O)c2c(C)cc(C)cc2C)c1,active,721.8540000000003,4.826280000000004,2.0,9.0,6.638272163982407
CHEMBL4758373,COc1cccc(C(C(=O)NS(=O)(=O)c2ccc(OC)cc2OC)N2CCc3c2cccc3N(CC(=O)O)S(=O)(=O)c2c(C)cc(C)cc2C)c1,active,737.8530000000003,4.526460000000004,2.0,10.0,6.1938200260161125
CHEMBL4744304,COc1cccc(C(C(=O)NS(=O)(=O)c2ccc(C)cc2OC)N2CCc3c2cccc3N(CC(=O)NS(=O)(=O)c2ccccc2)S(=O)(=O)c2c(C)cc(C)cc2C)c1,active,861.0330000000002,5.246780000000005,2.0,11.0,7.236572006437063
CHEMBL4750621,COc1ccc(S(=O)(=O)N(CC(=O)NS(=O)(=O)c2ccccc2)c2cccc3c2CCN3C(C(=O)NS(=O)(=O)c2ccc(C)cc2OC)c2cccc(OC)c2)cc1,active,848.9780000000002,4.330120000000003,2.0,12.0,7.1938200260161125
CHEMBL4746187,COc1cccc(C(C(=O)NS(=O)(=O)c2ccc(C)cc2OC)N2CCc3c2cccc3N(CC(=O)NS(=O)(=O)c2ccccc2)S(=O)(=O)c2ccc(C)cc2)c1,active,832.9790000000004,4.629940000000003,2.0,11.0,6.958607314841775
CHEMBL4764588,COc1cccc(C(C(=O)NS(=O)(=O)c2ccc(C)cc2OC)N2CCc3c2cccc3N(CC(=O)NS(=O)(=O)c2ccccc2)S(=O)(=O)c2ccc(F)cc2)c1,active,836.9420000000005,4.460620000000003,2.0,11.0,6.236572006437063
CHEMBL4752539,COc1cccc(C(C(=O)NS(=O)(=O)c2ccc(C)cc2OC)N2CCc3c2cccc3N(CC(=O)NS(=O)(=O)c2ccccc2)S(=O)(=O)c2ccc(NC(C)=O)cc2)c1,active,876.0040000000004,4.279920000000002,3.0,12.0,6.638272163982407
CHEMBL4793592,COc1cccc(C(C(=O)NS(=O)(=O)c2ccc(C)cc2OC)N2CCc3c2cccc3N(CC(=O)NS(=O)(=O)c2ccccc2)S(=O)(=O)c2ccccc2OC)c1,active,848.9780000000004,4.330120000000003,2.0,12.0,6.795880017344075
CHEMBL4797348,COc1cccc(C(C(=O)NS(=O)(=O)c2ccc(C)cc2OC)N2CCc3c2cccc3N(CC(=O)NS(=O)(=O)c2ccccc2)S(=O)(=O)c2cccc(OC)c2)c1,active,848.9780000000004,4.330120000000003,2.0,12.0,6.823908740944319
CHEMBL4748294,COc1cccc(C(C(=O)NS(=O)(=O)c2ccc(C)cc2OC)N2CCc3c2cccc3N(CC(=O)NS(=O)(=O)c2ccccc2)S(=O)(=O)c2ccccc2)c1,active,818.9520000000005,4.321520000000003,2.0,11.0,6.619788758288394
CHEMBL4747622,COc1ccc(S(=O)(=O)N(CC(=O)NS(=O)(=O)C2CC2)c2cccc3c2CCN3C(C(=O)NS(=O)(=O)c2ccc(C)cc2OC)c2cccc(OC)c2)cc1,active,812.9450000000002,3.4334200000000017,2.0,12.0,6.214670164989233
CHEMBL4755721,COc1ccc(S(=O)(=O)N(CC(=O)NS(=O)(=O)C(F)(F)F)c2cccc3c2CCN3C(C(=O)NS(=O)(=O)c2ccc(C)cc2OC)c2cccc(OC)c2)cc1,inactive,840.8770000000002,3.790820000000002,2.0,12.0,4.82102305270683
CHEMBL4780799,COc1ccc(S(=O)(=O)N(CC(=O)NS(=O)(=O)c2cccnc2)c2cccc3c2CCN3C(C(=O)NS(=O)(=O)c2ccc(C)cc2OC)c2cccc(OC)c2)cc1,active,849.9660000000001,3.725120000000002,2.0,13.0,6.113509274827518
CHEMBL4739983,COc1ccc(S(=O)(=O)NC(=O)CN(c2cccc3c2CCN3C(C(=O)NS(=O)(=O)c2ccc(C)cc2OC)c2cccc(OC)c2)S(=O)(=O)c2ccc(OC)cc2)cc1,active,879.0040000000002,4.338720000000003,2.0,13.0,7.657577319177793
CHEMBL4762197,COc1ccc(S(=O)(=O)N(CC(=O)NS(=O)(=O)c2ccc(C)cc2)c2cccc3c2CCN3C(C(=O)NS(=O)(=O)c2ccc(C)cc2OC)c2cccc(OC)c2)cc1,active,863.0050000000002,4.638540000000003,2.0,12.0,6.920818753952375
CHEMBL4763416,COc1ccc(S(=O)(=O)N(CC(=O)NS(=O)(=O)c2ccc(F)cc2)c2cccc3c2CCN3C(C(=O)NS(=O)(=O)c2ccc(C)cc2OC)c2cccc(OC)c2)cc1,active,866.9680000000002,4.4692200000000035,2.0,12.0,6.886056647693163
CHEMBL4789691,COc1ccc(S(=O)(=O)N(CC(=O)NS(=O)(=O)c2ccc(C(F)(F)F)cc2)c2cccc3c2CCN3C(C(=O)NS(=O)(=O)c2ccc(C)cc2OC)c2cccc(OC)c2)cc1,active,916.9749999999999,5.348920000000005,2.0,12.0,6.3979400086720375
CHEMBL4794097,CCc1ccc(S(=O)(=O)NC(=O)CN(c2cccc3c2CCN3C(C(=O)NS(=O)(=O)c2ccc(C)cc2OC)c2cccc(OC)c2)S(=O)(=O)c2ccc(OC)cc2)cc1,active,877.0320000000002,4.892520000000004,2.0,12.0,6.721246399047171
CHEMBL4756384,COc1ccc(S(=O)(=O)N(CC(=O)NS(=O)(=O)c2ccc(O)cc2)c2cccc3c2CCN3C(C(=O)NS(=O)(=O)c2ccc(C)cc2OC)c2cccc(OC)c2)cc1,active,864.9770000000002,4.035720000000002,3.0,13.0,6.292429823902063
CHEMBL4757197,CCOc1ccc(S(=O)(=O)NC(=O)CN(c2cccc3c2CCN3C(C(=O)NS(=O)(=O)c2ccc(C)cc2OC)c2cccc(OC)c2)S(=O)(=O)c2ccc(OC)cc2)cc1,active,893.0310000000002,4.728820000000004,2.0,13.0,7.318758762624412
CHEMBL4795182,COc1ccc(S(=O)(=O)N(CC(=O)NS(=O)(=O)c2ccccc2OC)c2cccc3c2CCN3C(C(=O)NS(=O)(=O)c2ccc(C)cc2OC)c2cccc(OC)c2)cc1,inactive,879.0040000000002,4.338720000000003,2.0,13.0,4.0
CHEMBL4743455,COc1ccc(S(=O)(=O)N(CC(=O)NS(=O)(=O)c2cccc(OC)c2)c2cccc3c2CCN3C(C(=O)NS(=O)(=O)c2ccc(C)cc2OC)c2cccc(OC)c2)cc1,inactive,879.0040000000002,4.338720000000003,2.0,13.0,4.0
CHEMBL3237245,COc1ccc(S(=O)(=O)N(CC(=O)O)c2ccc(N(CC(=O)O)S(=O)(=O)c3ccc(OC)cc3)c3ccccc23)cc1,active,614.6540000000002,3.416800000000001,2.0,8.0,7.543633966870957
CHEMBL3601212,CC(=O)Nc1ccc(S(=O)(=O)N(CC(=O)O)c2ccc(N(CC(=O)O)S(=O)(=O)c3ccc(NC(C)=O)cc3)c3ccccc23)cc1,active,668.7060000000002,3.3164000000000016,4.0,8.0,7.841637507904751
CHEMBL4544116,CC(=O)Nc1ccc(S(=O)(=O)N(Cc2nn[nH]n2)c2ccc(N(Cc3nn[nH]n3)S(=O)(=O)c3ccc(NC(C)=O)cc3)c3ccccc23)cc1,active,716.7660000000001,2.5737999999999994,4.0,12.0,7.801342913045577
CHEMBL3899754,Cc1cc(C)c(C)c(S(=O)(=O)Nc2ccc(N3CC[C@H](C(=O)O)C3)c3ccccc23)c1C,active,452.5760000000003,4.785180000000004,2.0,4.0,9.853871964321762
CHEMBL4588743,COc1ccc(S(=O)(=O)N(CC(=O)O)c2ccc(N3CCC[C@H]3C(=O)O)c3ccccc23)cc1,active,484.53000000000026,3.181700000000001,2.0,6.0,7.366531544420414
CHEMBL4174651,COc1ccc(S(=O)(=O)N(CC(=O)O)c2cnc(N(CC(=O)O)S(=O)(=O)c3ccc(OC)cc3)c3ccccc23)cc1,active,615.6420000000003,2.8118000000000007,2.0,9.0,7.221848749616356
CHEMBL4646536,COc1ccc(S(=O)(=O)N(CC(F)(F)F)c2cnc(N(CC(=O)O)S(=O)(=O)c3ccc(OC)cc3)c3ccccc23)cc1,active,639.6300000000002,4.289500000000003,1.0,8.0,7.136677139879544
CHEMBL4755442,COc1cc([C@@H](CC(=O)O)c2ccc(C)c(CN3CC[C@@H](C)Oc4ccccc4S3(=O)=O)c2)cc2c1nnn2C,active,564.6640000000001,4.253820000000004,1.0,8.0,7.823908740944319
CHEMBL4791229,Cc1cc(C)c(S(=O)(=O)N(CC(=O)O)c2ccccc2C)c(C)c1,inactive,347.4360000000001,3.2001800000000022,1.0,3.0,3.3467874862246565
CHEMBL4743454,COc1cccc(N2CCc3c2cccc3N(CC(=O)O)S(=O)(=O)c2c(C)cc(C)cc2C)c1,inactive,480.58600000000024,4.594560000000004,1.0,5.0,4.841637507904751
CHEMBL4764024,COc1cccc(N2CCc3c2cccc3N(CC(=O)O)S(=O)(=O)c2ccc([N+](=O)[O-])cc2)c1,inactive,483.5020000000002,3.5775000000000015,1.0,7.0,4.0
CHEMBL4743526,COc1ccc(S(=O)(=O)N(CC(=O)O)c2cccc3c2CCN3c2cccc(OC)c2)cc1,inactive,468.53100000000023,3.677900000000003,1.0,6.0,4.0
CHEMBL4790573,COc1cccc(N2CCc3c2cccc3N(CC(=O)O)S(=O)(=O)c2ccc(C)cc2)c1,inactive,452.53200000000015,3.9777200000000024,1.0,5.0,4.0
CHEMBL4746098,COc1cccc(N2CCc3c2cccc3N(CC(=O)O)S(=O)(=O)c2ccc(NC(C)=O)cc2)c1,inactive,495.5570000000002,3.6277000000000017,2.0,6.0,4.0
CHEMBL4791553,COc1cccc(N2CCc3c2cccc3N(CC(=O)O)S(=O)(=O)c2ccc(F)cc2)c1,inactive,456.4950000000001,3.8084000000000024,1.0,5.0,4.0
CHEMBL4794557,COc1cccc(-n2ccc3c(N(CC(=O)O)S(=O)(=O)c4c(C)cc(C)cc4C)cccc32)c1,inactive,478.5700000000002,4.844260000000004,1.0,5.0,3.9956786262173574
CHEMBL4755382,COc1cccc(N2CCCc3c2cccc3N(CC(=O)O)S(=O)(=O)c2c(C)cc(C)cc2C)c1,inactive,494.6130000000002,4.984660000000004,1.0,5.0,4.3655227298392685
CHEMBL4795196,COc1cccc(C(=O)N2CCc3c2cccc3N(CC(=O)O)S(=O)(=O)c2c(C)cc(C)cc2C)c1,inactive,508.5960000000003,4.103260000000003,1.0,5.0,4.0
CHEMBL4749382,COc1cccc(S(=O)(=O)N2CCc3c2cccc3N(CC(=O)O)S(=O)(=O)c2c(C)cc(C)cc2C)c1,inactive,544.6510000000002,3.651760000000003,1.0,6.0,4.8124792791635365
CHEMBL3134422,CC(=O)N[C@@H](CC(C)C)C(=O)N[C@@H](CC(=O)O)C(=O)N[C@@H](CCC(=O)O)C(=O)N[C@@H](CCC(=O)O)C(=O)N[C@H](C(=O)NCC(=O)N[C@@H](CCC(=O)O)C(=O)N[C@@H](Cc1ccccc1)C(=O)N[C@@H](CC(C)C)C(N)=O)[C@@H](C)O,active,1093.1549999999997,-3.7290000000000147,15.0,15.0,6.714442690992226
CHEMBL4750670,CC(=O)N[C@@H](CC(C)C)C(=O)N[C@@H](CC(=O)O)C(=O)N[C@@H](CCC(N)=O)C(=O)N[C@@H](CCC(=O)O)C(=O)N[C@H](C(=O)NCC(=O)N[C@@H](CCC(=O)O)C(=O)N[C@@H](Cc1ccccc1)C(=O)N[C@@H](CC(C)C)C(N)=O)[C@@H](C)O,active,1092.1709999999998,-4.328300000000019,15.0,15.0,6.779891911959945
CHEMBL4752720,CC(=O)N[C@@H](CC(C)C)C(=O)N[C@@H](CC(=O)O)C(=O)N[C@@H](CO)C(=O)N[C@@H](CCC(=O)O)C(=O)N[C@H](C(=O)NCC(=O)N[C@@H](CCC(=O)O)C(=O)N[C@@H](Cc1ccccc1)C(=O)N[C@@H](CC(C)C)C(N)=O)[C@@H](C)O,active,1051.1179999999997,-4.6015000000000175,15.0,15.0,6.552841968657781
CHEMBL4796106,CC(=O)N[C@@H](CC(C)C)C(=O)N[C@@H](CC(=O)O)C(=O)N[C@@H](CCO)C(=O)N[C@@H](CCC(=O)O)C(=O)N[C@H](C(=O)NCC(=O)N[C@@H](CCC(=O)O)C(=O)N[C@@H](Cc1ccccc1)C(=O)N[C@@H](CC(C)C)C(N)=O)[C@@H](C)O,active,1065.1449999999998,-4.211400000000017,15.0,15.0,7.040958607678906
CHEMBL4787250,CC(=O)N[C@@H](CC(C)C)C(=O)N[C@@H](CC(=O)O)C(=O)N[C@@H](CCCCN)C(=O)N[C@@H](CCC(=O)O)C(=O)N[C@H](C(=O)NCC(=O)N[C@@H](CCC(=O)O)C(=O)N[C@@H](Cc1ccccc1)C(=O)N[C@@H](CC(C)C)C(N)=O)[C@@H](C)O,active,1092.215,-3.4648000000000185,15.0,15.0,6.939302159646388
CHEMBL4776337,CC(=O)N[C@@H](CC(C)C)C(=O)N[C@@H](CC(=O)O)C(=O)N[C@@H](C)C(=O)N[C@@H](CCC(=O)O)C(=O)N[C@H](C(=O)NCC(=O)N[C@@H](CCC(=O)O)C(=O)N[C@@H](Cc1ccccc1)C(=O)N[C@@H](CC(C)C)C(N)=O)[C@@H](C)O,active,1035.1189999999997,-3.5739000000000147,14.0,14.0,7.154901959985743
CHEMBL4750619,CC(=O)N[C@@H](CC(C)C)C(=O)N[C@@H](CC(=O)O)C(=O)N[C@H](C(=O)N[C@@H](CCC(=O)O)C(=O)N[C@H](C(=O)NCC(=O)N[C@@H](CCC(=O)O)C(=O)N[C@@H](Cc1ccccc1)C(=O)N[C@@H](CC(C)C)C(N)=O)[C@@H](C)O)C(C)C,active,1063.1729999999995,-2.937800000000011,14.0,14.0,7.259637310505756
CHEMBL4746924,CC(=O)N[C@@H](CC(C)C)C(=O)N[C@@H](CC(=O)O)C(=O)N1CCC[C@H]1C(=O)N[C@@H](CCC(=O)O)C(=O)N[C@H](C(=O)NCC(=O)N[C@@H](CCC(=O)O)C(=O)N[C@@H](Cc1ccccc1)C(=O)N[C@@H](CC(C)C)C(N)=O)[C@@H](C)O,active,1061.1569999999997,-3.087600000000013,13.0,14.0,7.721246399047171
CHEMBL4754176,CC(=O)N[C@@H](CC(C)C)C(=O)N[C@@H](CC(=O)O)C(=O)N1C[C@H](F)C[C@H]1C(=O)N[C@@H](CCC(=O)O)C(=O)N[C@H](C(=O)NCC(=O)N[C@@H](CCC(=O)O)C(=O)N[C@@H](Cc1ccccc1)C(=O)N[C@@H](CC(C)C)C(N)=O)[C@@H](C)O,active,1079.1469999999995,-3.1396000000000153,13.0,14.0,7.886056647693163
CHEMBL4762897,CC(=O)N[C@@H](CC(C)C)C(=O)N[C@@H](CC(=O)O)C(=O)N1CSC[C@H]1C(=O)N[C@@H](CCC(=O)O)C(=O)N[C@H](C(=O)NCC(=O)N[C@@H](CCC(=O)O)C(=O)N[C@@H](Cc1ccccc1)C(=O)N[C@@H](CC(C)C)C(N)=O)[C@@H](C)O,active,1079.1969999999997,-3.177100000000015,13.0,15.0,8.0
CHEMBL4752638,CC(=O)N[C@@H](CC(C)C)C(=O)N[C@@H](CC(=O)O)C(=O)N[C@@H](CCC(=O)O)C(=O)N[C@@H](CCC(N)=O)C(=O)N[C@H](C(=O)NCC(=O)N[C@@H](CCC(=O)O)C(=O)N[C@@H](Cc1ccccc1)C(=O)N[C@@H](CC(C)C)C(N)=O)[C@@H](C)O,inactive,1092.1709999999998,-4.328300000000019,15.0,15.0,4.1938200260161125
CHEMBL4758792,CC(=O)N[C@@H](CC(C)C)C(=O)N[C@@H](CC(=O)O)C(=O)N[C@@H](CCC(=O)O)C(=O)N[C@@H](Cc1ccc(O)cc1)C(=O)N[C@H](C(=O)NCC(=O)N[C@@H](CCC(=O)O)C(=O)N[C@@H](Cc1ccccc1)C(=O)N[C@@H](CC(C)C)C(N)=O)[C@@H](C)O,inactive,1127.216,-2.6455000000000077,15.0,15.0,4.301029995663981
CHEMBL4754410,CC(=O)N[C@@H](CC(C)C)C(=O)N[C@@H](CC(=O)O)C(=O)N[C@@H](CCC(=O)O)C(=O)N[C@@H](CCO)C(=O)N[C@H](C(=O)NCC(=O)N[C@@H](CCC(=O)O)C(=O)N[C@@H](Cc1ccccc1)C(=O)N[C@@H](CC(C)C)C(N)=O)[C@@H](C)O,inactive,1065.1449999999998,-4.211400000000017,15.0,15.0,4.561742527893112
CHEMBL4784094,CC(=O)N[C@@H](CC(C)C)C(=O)N[C@@H](CC(=O)O)C(=O)N[C@@H](CCC(=O)O)C(=O)N[C@@H](Cc1ccc(O)c(O)c1)C(=O)N[C@H](C(=O)NCC(=O)N[C@@H](CCC(=O)O)C(=O)N[C@@H](Cc1ccccc1)C(=O)N[C@@H](CC(C)C)C(N)=O)[C@@H](C)O,inactive,1143.2149999999997,-2.939900000000009,16.0,16.0,4.517884235324898
CHEMBL4748429,COc1ccc(C[C@H](NC(=O)[C@H](CCC(=O)O)NC(=O)[C@H](CC(=O)O)NC(=O)[C@H](CC(C)C)NC(C)=O)C(=O)N[C@H](C(=O)NCC(=O)N[C@@H](CCC(=O)O)C(=O)N[C@@H](Cc2ccccc2)C(=O)N[C@@H](CC(C)C)C(N)=O)[C@@H](C)O)cc1OC,inactive,1171.2689999999998,-2.333900000000015,14.0,16.0,4.567800621246695
CHEMBL4794840,CC(=O)N[C@@H](CC(C)C)C(=O)N[C@@H](CC(=O)O)C(=O)N[C@@H](CCC(=O)O)C(=O)N[C@@H](Cc1ccncc1)C(=O)N[C@H](C(=O)NCC(=O)N[C@@H](CCC(=O)O)C(=O)N[C@@H](Cc1ccccc1)C(=O)N[C@@H](CC(C)C)C(N)=O)[C@@H](C)O,inactive,1112.205,-2.956100000000012,14.0,15.0,4.737311655698304
CHEMBL4783243,CC(=O)N[C@@H](CC(C)C)C(=O)N[C@@H](CC(=O)O)C(=O)N[C@@H](CCC(=O)O)C(=O)N[C@@H](Cc1c[nH]c2ccc(O)cc12)C(=O)N[C@H](C(=O)NCC(=O)N[C@@H](CCC(=O)O)C(=O)N[C@@H](Cc1ccccc1)C(=O)N[C@@H](CC(C)C)C(N)=O)[C@@H](C)O,inactive,1166.2529999999997,-2.164200000000007,16.0,15.0,4.529163362718575
CHEMBL4782442,CC(=O)N[C@@H](CC(C)C)C(=O)N[C@@H](CC(=O)O)C(=O)N[C@@H](CCC(=O)O)C(=O)N[C@@H](CCc1ccccc1)C(=O)N[C@H](C(=O)NCC(=O)N[C@@H](CCC(=O)O)C(=O)N[C@@H](Cc1ccccc1)C(=O)N[C@@H](CC(C)C)C(N)=O)[C@@H](C)O,inactive,1125.244,-1.9610000000000094,14.0,14.0,4.1938200260161125
CHEMBL4791221,CC(=O)N[C@@H](CC(C)C)C(=O)N[C@@H](CC(=O)O)C(=O)N[C@@H](CCC(=O)O)C(=O)N[C@@H](Cc1ccc2ccccc2c1)C(=O)N[C@H](C(=O)NCC(=O)N[C@@H](CCC(=O)O)C(=O)N[C@@H](Cc1ccccc1)C(=O)N[C@@H](CC(C)C)C(N)=O)[C@@H](C)O,inactive,1161.2769999999998,-1.1979000000000077,14.0,14.0,4.547508217211687
CHEMBL4747777,CC(=O)N[C@@H](CC(C)C)C(=O)N[C@@H](CC(=O)O)C(=O)N1C[C@@H](F)C[C@H]1C(=O)N[C@@H](CCC(=O)O)C(=O)N[C@@H](CO)C(=O)NCC(=O)N[C@@H](CCC(=O)O)C(=O)N[C@@H](Cc1ccccc1)C(=O)N[C@@H](CC(C)C)C(N)=O,active,1065.12,-3.5281000000000153,13.0,14.0,6.684029654543083
CHEMBL4763685,CC[C@H](NC(=O)[C@H](CCC(=O)O)NC(=O)[C@@H]1C[C@H](F)CN1C(=O)[C@H](CC(=O)O)NC(=O)[C@H](CC(C)C)NC(C)=O)C(=O)NCC(=O)N[C@@H](CCC(=O)O)C(=O)N[C@@H](Cc1ccccc1)C(=O)N[C@@H](CC(C)C)C(N)=O,inactive,1063.148,-2.110400000000011,12.0,13.0,4.479123618311658
CHEMBL4749322,CC(=O)N[C@@H](CC(C)C)C(=O)N[C@@H](CC(=O)O)C(=O)N1C[C@@H](F)C[C@H]1C(=O)N[C@@H](CCC(=O)O)C(=O)N[C@H](C(=O)NCC(=O)N[C@@H](CCC(=O)O)C(=O)N[C@@H](Cc1ccccc1)C(=O)N[C@@H](CC(C)C)C(N)=O)C(C)(C)O,active,1093.1739999999993,-2.749500000000014,13.0,14.0,6.716698771296451
CHEMBL4750676,CC(=O)N[C@@H](CC(C)C)C(=O)N[C@@H](CC(=O)O)C(=O)N1C[C@@H](F)C[C@H]1C(=O)N[C@@H](CCC(=O)O)C(=O)N[C@@H](Cc1ccccc1)C(=O)NCC(=O)N[C@@H](CCC(=O)O)C(=O)N[C@@H](Cc1ccccc1)C(=O)N[C@@H](CC(C)C)C(N)=O,inactive,1125.2189999999996,-1.2777000000000072,12.0,13.0,4.1938200260161125
CHEMBL4760593,CC(=O)N[C@@H](CC(C)C)C(=O)N[C@@H](CC(=O)O)C(=O)N1C[C@@H](F)C[C@H]1C(=O)N[C@@H](CCC(=O)O)C(=O)N[C@H](C(=O)NCC(=O)N[C@@H](CCC(=O)O)C(=O)N[C@@H](Cc1ccccc1)C(=O)N[C@@H](CC(C)C)C(N)=O)C(O)c1ccccc1,inactive,1141.2179999999996,-1.786800000000015,13.0,14.0,4.839141469320008
CHEMBL4786176,CC(=O)N[C@@H](CC(C)C)C(=O)N[C@@H](CC(=O)O)C(=O)N1C[C@@H](F)C[C@H]1C(=O)NCC(=O)N[C@H](C(=O)NCC(=O)N[C@@H](CCC(=O)O)C(=O)N[C@@H](Cc1ccccc1)C(=O)N[C@@H](CC(C)C)C(N)=O)[C@@H](C)O,inactive,1007.0839999999997,-3.373000000000013,12.0,13.0,4.801782927755865
CHEMBL4757885,CC(=O)N[C@@H](CC(C)C)C(=O)N[C@@H](CC(=O)O)C(=O)N[C@@H](CCC(=O)O)C(=O)N[C@@H](CCC(=O)O)C(=O)N[C@H](C(=O)NCC(=O)N[C@@H](CCC(N)=O)C(=O)N[C@@H](Cc1ccccc1)C(=O)N[C@@H](CC(C)C)C(N)=O)[C@@H](C)O,inactive,1092.1709999999996,-4.328300000000018,15.0,15.0,4.664161130420046
CHEMBL4790743,CC(=O)N[C@@H](CC(C)C)C(=O)N[C@@H](CC(=O)O)C(=O)N[C@@H](CCC(=O)O)C(=O)N[C@@H](CCC(=O)O)C(=O)N[C@H](C(=O)NCC(=O)N[C@@H](Cc1ccc(O)cc1)C(=O)N[C@@H](Cc1ccccc1)C(=O)N[C@@H](CC(C)C)C(N)=O)[C@@H](C)O,inactive,1127.216,-2.645500000000015,15.0,15.0,4.428617302559835
CHEMBL4648472,CC(=O)N[C@@H](CC(C)C)C(=O)N[C@@H](CC(=O)O)C(=O)N[C@@H](CCC(=O)O)C(=O)N[C@@H](CCC(=O)O)C(=O)N[C@H](C(=O)NCC(=O)N[C@@H](Cc1ccccc1)C(=O)N[C@@H](Cc1ccccc1)C(=O)N[C@@H](CC(C)C)C(N)=O)[C@@H](C)O,inactive,1111.2169999999999,-2.3511000000000153,14.0,14.0,4.301029995663981
CHEMBL4747374,CC(=O)N[C@@H](CC(C)C)C(=O)N[C@@H](CC(=O)O)C(=O)N[C@@H](CCC(=O)O)C(=O)N[C@@H](CCC(=O)O)C(=O)N[C@H](C(=O)NCC(=O)N[C@@H](CCO)C(=O)N[C@@H](Cc1ccccc1)C(=O)N[C@@H](CC(C)C)C(N)=O)[C@@H](C)O,inactive,1065.1449999999998,-4.2114000000000145,15.0,15.0,4.301029995663981
CHEMBL4762715,CC(=O)N[C@@H](CC(C)C)C(=O)N[C@@H](CC(=O)O)C(=O)N[C@@H](CCC(=O)O)C(=O)N[C@@H](CCC(=O)O)C(=O)N[C@H](C(=O)NCC(=O)N[C@@H](CCCCCO)C(=O)N[C@@H](Cc1ccccc1)C(=O)N[C@@H](CC(C)C)C(N)=O)[C@@H](C)O,inactive,1107.2259999999997,-3.041100000000012,15.0,15.0,4.248543826213122
CHEMBL4781185,CC(=O)N[C@@H](CC(C)C)C(=O)N[C@@H](CC(=O)O)C(=O)N[C@@H](CCC(=O)O)C(=O)N[C@@H](CCC(=O)O)C(=O)N[C@H](C(=O)NCC(=O)N[C@@H](Cc1ccc(C(N)=O)cc1)C(=O)N[C@@H](Cc1ccccc1)C(=O)N[C@@H](CC(C)C)C(N)=O)[C@@H](C)O,inactive,1154.2419999999995,-3.2522000000000193,15.0,15.0,4.1938200260161125
CHEMBL4778030,C[C@@H](O)[C@@H]1NC(=O)[C@H](CCC(=O)O)NC(=O)[C@@H]2C[C@H](F)CN2C(=O)[C@H](CC(=O)O)NC(=O)CNC(=O)[C@H](CCC(=O)O)NC(=O)CNC1=O,active,703.634,-5.304300000000004,10.0,11.0,6.313363730737707
CHEMBL4797908,C[C@H]1NC(=O)[C@H]([C@@H](C)O)NC(=O)[C@H](CCC(=O)O)NC(=O)[C@@H]2C[C@H](F)CN2C(=O)[C@H](CC(=O)O)NC(=O)CNC(=O)[C@H](CCC(=O)O)NC1=O,inactive,717.6610000000001,-4.915800000000001,10.0,11.0,4.838602047454203
CHEMBL4757211,C[C@@H](O)[C@@H]1NC(=O)[C@H](CCC(=O)O)NC(=O)[C@@H]2C[C@H](F)CN2C(=O)[C@H](CC(=O)O)C(=O)[C@@H]2CCCN2C(=O)[C@H](CCC(=O)O)NC(=O)CNC1=O,inactive,728.6840000000001,-3.7289999999999965,8.0,11.0,4.735583612801465
CHEMBL4760005,CC(=O)N[C@H]1CSSC[C@@H](C(N)=O)NC(=O)[C@H](CCC(=O)O)NC(=O)CNC(=O)[C@H]([C@@H](C)O)NC(=O)[C@H](CCC(=O)O)NC(=O)[C@@H]2C[C@H](F)CN2C(=O)[C@H](CC(=O)O)NC1=O,active,909.926,-5.56430000000001,12.0,15.0,7.259637310505756
CHEMBL4760303,CC(=O)N[C@H]1CCC(=O)NC[C@@H](C(N)=O)NC(=O)[C@H](CCC(=O)O)NC(=O)CNC(=O)[C@H]([C@@H](C)O)NC(=O)[C@H](CCC(=O)O)NC(=O)[C@@H]2C[C@H](F)CN2C(=O)[C@H](CC(=O)O)NC1=O,active,902.844,-7.049300000000018,13.0,14.0,7.958607314841775
CHEMBL4785587,CC(=O)N[C@H]1CCC(=O)NCC[C@@H](C(N)=O)NC(=O)[C@H](CCC(=O)O)NC(=O)CNC(=O)[C@H]([C@@H](C)O)NC(=O)[C@H](CCC(=O)O)NC(=O)[C@@H]2C[C@H](F)CN2C(=O)[C@H](CC(=O)O)NC1=O,active,916.871,-6.659200000000017,13.0,14.0,7.356547323513812
CHEMBL4754751,CC(=O)N[C@H]1CCCCn2cc(nn2)C[C@@H](C(N)=O)NC(=O)[C@H](CCC(=O)O)NC(=O)CNC(=O)[C@H]([C@@H](C)O)NC(=O)[C@H](CCC(=O)O)NC(=O)[C@@H]2C[C@H](F)CN2C(=O)[C@H](CC(=O)O)NC1=O,active,954.9240000000001,-5.941200000000017,12.0,16.0,7.468521082957745
CHEMBL4778658,CC(=O)N[C@H]1Cc2cn(nn2)CCCC[C@@H](C(N)=O)NC(=O)[C@H](CCC(=O)O)NC(=O)CNC(=O)[C@H]([C@@H](C)O)NC(=O)[C@H](CCC(=O)O)NC(=O)[C@@H]2C[C@H](F)CN2C(=O)[C@H](CC(=O)O)NC1=O,active,954.924,-5.941200000000017,12.0,16.0,7.040958607678906
CHEMBL4794133,CC(=O)N[C@H]1CCn2cc(nn2)C[C@@H](C(N)=O)NC(=O)[C@H](CCC(=O)O)NC(=O)CNC(=O)[C@H]([C@@H](C)O)NC(=O)[C@H](CCC(=O)O)NC(=O)[C@@H]2C[C@H](F)CN2C(=O)[C@H](CC(=O)O)NC1=O,active,926.87,-6.721400000000016,12.0,16.0,7.795880017344075
CHEMBL4793109,C[C@@H](O)[C@@H]1NC(=O)[C@H](CCC(=O)O)NC(=O)[C@@H]2C[C@H](F)CN2C(=O)[C@H](CC(=O)O)NC(=O)CCCn2cc(nn2)CCNC(=O)[C@H](CCC(=O)O)NC(=O)CNC1=O,active,826.7929999999998,-4.689900000000005,10.0,14.0,6.7447274948966935
CHEMBL4743599,CC(=O)N[C@H]1C/C=C/C[C@@H](C(N)=O)NC(=O)[C@H](CCC(=O)O)NC(=O)CNC(=O)[C@H]([C@@H](C)O)NC(=O)[C@H](CCC(=O)O)NC(=O)[C@@H]2C[C@H](F)CN2C(=O)[C@H](CC(=O)O)NC1=O,active,871.8299999999999,-5.609300000000012,12.0,13.0,6.366531544420414
CHEMBL4759189,CC(=O)N[C@H]1CCCC[C@@H](C(N)=O)NC(=O)[C@H](CCC(=O)O)NC(=O)CNC(=O)[C@H]([C@@H](C)O)NC(=O)[C@H](CCC(=O)O)NC(=O)[C@@H]2C[C@H](F)CN2C(=O)[C@H](CC(=O)O)NC1=O,active,873.846,-5.385300000000012,12.0,13.0,6.9694002780340485
CHEMBL4756985,CC[C@H](C)[C@H](NC(=O)[C@H](CC(C)C)NC(=O)[C@@H]1CCCN1)C(=O)N[C@@H](CC(C)C)C(=O)N[C@@H](CC(C)C)C(=O)N[C@@H](CCCNC(=N)N)C(=O)N[C@@H](CC(C)C)C(=O)N[C@@H](CC(C)C)C(=O)N[C@@H](CCCNC(=N)N)C(=O)NCC(=O)N[C@@H](CCC(N)=O)C(=O)N[C@@H](Cc1ccccc1)C(=O)N[C@@H](CC(C)C)C(=O)N[C@@H](CC(=O)O)C(=O)N1C[C@@H](F)C[C@H]1C(=O)N[C@@H](CCC(=O)O)C(=O)N[C@H](C(=O)NCC(=O)N[C@@H](Cc1cc(F)cc(F)c1)C(=O)N[C@@H](Cc1ccccc1)C(=O)N[C@@H](CC(C)C)C(N)=O)[C@@H](C)O,active,2511.9669999999965,-2.4758599999999205,31.0,28.0,7.259637310505756
CHEMBL4792032,CC(C)C[C@H](NC(=O)[C@H](Cc1ccccc1)NC(=O)[C@H](Cc1cc(F)cc(F)c1)NC(=O)CNC(=O)[C@@H](NC(=O)[C@H](CCC(=O)O)NC(=O)[C@@H]1C[C@H](F)CN1C(=O)[C@H](CC(=O)O)NC(=O)[C@H](CC(C)C)NC(=O)CNC(=O)[C@@H](NC(=O)[C@@H]1CCCN1C(=O)[C@H](CCCNC(=N)N)NC(=O)[C@H](CC(C)C)NC(=O)[C@H](CS)NC(=O)[C@@H](N)CC(C)C)C(C)C)[C@@H](C)O)C(N)=O,active,1830.1090000000004,-3.188429999999974,22.0,22.0,7.958607314841775
CHEMBL4750320,CC[C@H](C)[C@H](NC(=O)[C@H](CCCCN)NC(=O)[C@@H](NC(=O)[C@H](CCC(N)=O)NC(=O)[C@@H](N)CCCNC(=N)N)[C@@H](C)CC)C(=O)N[C@@H](Cc1c[nH]c2ccccc12)C(=O)N[C@@H](Cc1ccccc1)C(=O)N[C@@H](CCC(N)=O)C(=O)N[C@@H](CC(N)=O)C(=O)N[C@@H](CCCNC(=N)N)C(=O)N[C@@H](CCCNC(=N)N)C(=O)N[C@@H](CCSC)C(=O)N[C@@H](CCCCN)C(=O)N[C@@H](Cc1c[nH]c2ccccc12)C(=O)N[C@@H](CCCCN)C(=O)N[C@@H](CCCCN)C(=O)N[C@@H](CC(C)C)C(=O)N[C@@H](CC(=O)O)C(=O)N1C[C@@H](F)C[C@H]1C(=O)N[C@@H](CCC(=O)O)C(=O)N[C@H](C(=O)NCC(=O)N[C@@H](Cc1cc(F)cc(F)c1)C(=O)N[C@@H](Cc1ccccc1)C(=O)N[C@@H](CC(C)C)C(N)=O)[C@@H](C)O,active,3319.9099999999926,-6.655890000000021,46.0,40.0,7.522878745280337
CHEMBL4751630,CC(C)C[C@H](NC(=O)[C@H](Cc1ccccc1)NC(=O)[C@H](Cc1cc(F)cc(F)c1)NC(=O)CNC(=O)[C@@H](NC(=O)[C@H](CCC(=O)O)NC(=O)[C@@H]1C[C@H](F)CN1C(=O)[C@H](CC(=O)O)NC(=O)[C@H](CC(C)C)NC(=O)[C@H](CCCNC(=N)N)NC(=O)[C@H](CCCNC(=N)N)NC(=O)[C@H](CCCNC(=N)N)NC(=O)[C@H](CCC(N)=O)NC(=O)[C@H](CCCNC(=N)N)NC(=O)[C@H](CCCNC(=N)N)NC(=O)[C@H](CCCCN)NC(=O)[C@H](CCCCN)NC(=O)[C@H](CCCNC(=N)N)NC(=O)CNC(=O)[C@@H](N)Cc1ccc(O)cc1)[C@@H](C)O)C(N)=O,active,2632.9949999999994,-11.645279999999978,45.0,34.0,7.698970004336019
CHEMBL4788462,CC(C)C[C@H](NC(=O)[C@H](Cc1ccccc1)NC(=O)[C@H](Cc1cc(F)cc(F)c1)NC(=O)CNC(=O)[C@@H](NC(=O)[C@H](CCC(=O)O)NC(=O)[C@@H]1C[C@H](F)CN1C(=O)[C@H](CC(=O)O)NC(=O)[C@H](CC(C)C)NC(=O)[C@H](CCCNC(=N)N)NC(=O)[C@H](CCCNC(=N)N)NC(=O)[C@H](CCCNC(=N)N)NC(=O)[C@H](CCCNC(=N)N)NC(=O)[C@H](CCCNC(=N)N)NC(=O)[C@H](CCCNC(=N)N)NC(=O)[C@H](CCCNC(=N)N)NC(=O)[C@H](CCCNC(=N)N)NC(=O)[C@@H](N)CCCNC(=N)N)[C@@H](C)O)C(N)=O,active,2496.8530000000014,-12.928269999999976,48.0,31.0,7.619788758288394
CHEMBL4748504,CC[C@H](C)[C@H](NC(=O)[C@H](CO)NC(=O)[C@H](C)NC(=O)[C@@H](N)CCSC)C(=O)N[C@@H](Cc1c[nH]c2ccccc12)C(=O)N[C@H](C(=O)NCC(=O)N[C@@H](Cc1c[nH]cn1)C(=O)N[C@@H](CCCNC(=N)N)C(=O)NCC(=O)N[C@@H](CC(C)C)C(=O)N[C@@H](CC(=O)O)C(=O)N1C[C@@H](F)C[C@H]1C(=O)N[C@@H](CCC(=O)O)C(=O)N[C@H](C(=O)NCC(=O)N[C@@H](Cc1cc(F)cc(F)c1)C(=O)N[C@@H](Cc1ccccc1)C(=O)N[C@@H](CC(C)C)C(N)=O)[C@@H](C)O)C(C)C,active,2186.450999999999,-5.129629999999948,28.0,27.0,6.995678626217358
CHEMBL4756743,CC[C@H](C)[C@H](NC(=O)[C@H](CC(C)C)NC(=O)N1CCC[C@H]1C(N)=O)C(=O)N[C@@H](CC(C)C)C(=O)N[C@@H](CC(C)C)C(=O)N[C@@H](CCCNC(=N)N)C(=O)N[C@@H](CC(C)C)C(=O)N[C@@H](CC(C)C)C(=O)N[C@@H](CCCNC(=N)N)C(=O)NCC(=O)N[C@@H](CCC(N)=O)C(=O)N[C@@H](Cc1ccccc1)C(=O)N[C@H]1CCC(=O)NC[C@@H](C(N)=O)NC(=O)[C@H](CCC(=O)O)NC(=O)CNC(=O)[C@H]([C@@H](C)O)NC(=O)[C@H](CCC(=O)O)NC(=O)[C@@H]2C[C@H](F)CN2C(=O)[C@H](CC(=O)O)NC1=O,active,2324.646999999999,-8.250559999999895,32.0,29.0,8.1249387366083
CHEMBL4790062,CC(C)C[C@H](NC(=O)[C@H](CS)NC(=O)[C@@H](N)CC(C)C)C(=O)N[C@@H](CCCNC(=N)N)C(=O)N1CCC[C@H]1C(=O)N[C@H](C(=O)NCC(=O)N[C@H]1CCC(=O)NC[C@@H](C(N)=O)NC(=O)[C@H](CCC(=O)O)NC(=O)CNC(=O)[C@H]([C@@H](C)O)NC(=O)[C@H](CCC(=O)O)NC(=O)[C@@H]2C[C@H](F)CN2C(=O)[C@H](CC(=O)O)NC1=O)C(C)C,active,1599.764,-8.754229999999954,23.0,23.0,8.318758762624412
CHEMBL4781886,CC[C@H](C)[C@H](NC(=O)[C@H](CCCCN)NC(=O)[C@@H](NC(=O)[C@H](CCC(N)=O)NC(=O)[C@@H](N)CCCNC(=N)N)[C@@H](C)CC)C(=O)N[C@@H](Cc1c[nH]c2ccccc12)C(=O)N[C@@H](Cc1ccccc1)C(=O)N[C@@H](CCC(N)=O)C(=O)N[C@@H](CC(N)=O)C(=O)N[C@@H](CCCNC(=N)N)C(=O)N[C@@H](CCCNC(=N)N)C(=O)N[C@@H](CCSC)C(=O)N[C@@H](CCCCN)C(=O)N[C@@H](Cc1c[nH]c2ccccc12)C(=O)N[C@@H](CCCCN)C(=O)N[C@@H](CCCCN)C(=O)N[C@H]1CCC(=O)NC[C@@H](C(N)=O)NC(=O)[C@H](CCC(=O)O)NC(=O)CNC(=O)[C@H]([C@@H](C)O)NC(=O)[C@H](CCC(=O)O)NC(=O)[C@@H]2C[C@H](F)CN2C(=O)[C@H](CC(=O)O)NC1=O,active,3089.564999999995,-12.22169000000005,47.0,41.0,8.318758762624412
CHEMBL4791554,C[C@@H](O)[C@@H]1NC(=O)[C@H](CCC(=O)O)NC(=O)[C@@H]2C[C@H](F)CN2C(=O)[C@H](CC(=O)O)NC(=O)[C@@H](NC(=O)[C@H](CCCNC(=N)N)NC(=O)[C@H](CCCNC(=N)N)NC(=O)[C@H](CCCNC(=N)N)NC(=O)[C@H](CCC(N)=O)NC(=O)[C@H](CCCNC(=N)N)NC(=O)[C@H](CCCNC(=N)N)NC(=O)[C@H](CCCCN)NC(=O)[C@H](CCCCN)NC(=O)[C@H](CCCNC(=N)N)NC(=O)CNC(=O)[C@@H](N)Cc2ccc(O)cc2)CCC(=O)NC[C@@H](C(N)=O)NC(=O)[C@H](CCC(=O)O)NC(=O)CNC1=O,active,2402.6499999999996,-17.21108000000001,46.0,35.0,8.508638306165727
CHEMBL4764193,C[C@@H](O)[C@@H]1NC(=O)[C@H](CCC(=O)O)NC(=O)[C@@H]2C[C@H](F)CN2C(=O)[C@H](CC(=O)O)NC(=O)[C@@H](NC(=O)[C@H](CCCNC(=N)N)NC(=O)[C@H](CCCNC(=N)N)NC(=O)[C@H](CCCNC(=N)N)NC(=O)[C@H](CCCNC(=N)N)NC(=O)[C@H](CCCNC(=N)N)NC(=O)[C@H](CCCNC(=N)N)NC(=O)[C@H](CCCNC(=N)N)NC(=O)[C@H](CCCNC(=N)N)NC(=O)[C@@H](N)CCCNC(=N)N)CCC(=O)NC[C@@H](C(N)=O)NC(=O)[C@H](CCC(=O)O)NC(=O)CNC1=O,active,2266.5080000000007,-18.494070000000022,49.0,32.0,8.468521082957745
CHEMBL4785277,CC[C@H](C)[C@H](NC(=O)[C@H](CO)NC(=O)[C@H](C)NC(=O)[C@@H](N)CCSC)C(=O)N[C@@H](Cc1c[nH]c2ccccc12)C(=O)N[C@H](C(=O)NCC(=O)N[C@@H](Cc1c[nH]cn1)C(=O)N[C@@H](CCCNC(=N)N)C(=O)NCC(=O)N[C@H]1CCC(=O)NC[C@@H](C(N)=O)NC(=O)[C@H](CCC(=O)O)NC(=O)CNC(=O)[C@H]([C@@H](C)O)NC(=O)[C@H](CCC(=O)O)NC(=O)[C@@H]2C[C@H](F)CN2C(=O)[C@H](CC(=O)O)NC1=O)C(C)C,active,1956.106000000001,-10.695429999999918,29.0,28.0,7.585026652029182
CHEMBL4755277,CC[C@H](C)[C@H](NC(=O)[C@H](CC(C)C)N1CCC[C@H]1C(N)=O)C(=O)N[C@@H](CC(C)C)C(=O)N[C@@H](CC(C)C)C(=O)N[C@@H](CCCNC(=N)N)C(=O)N[C@@H](CC(C)C)C(=O)N[C@@H](CC(C)C)C(=O)N[C@@H](CCCNC(=N)N)C(=O)NCC(=O)N[C@@H](CCC(N)=O)C(=O)N[C@@H](Cc1ccccc1)C(=O)N[C@H]1CCn2cc(nn2)C[C@@H](C(N)=O)NC(=O)[C@H](CCC(=O)O)NC(=O)CNC(=O)[C@H]([C@@H](C)O)NC(=O)[C@H](CCC(=O)O)NC(=O)[C@@H]2C[C@H](F)CN2C(=O)[C@H](CC(=O)O)NC1=O,active,2305.6479999999997,-7.632259999999894,30.0,31.0,8.327902142064282
CHEMBL4788971,CC(C)C[C@H](NC(=O)[C@H](CS)NC(=O)[C@@H](N)CC(C)C)C(=O)N[C@@H](CCCNC(=N)N)C(=O)N1CCC[C@H]1C(=O)N[C@H](C(=O)NCC(=O)N[C@H]1CCn2cc(nn2)C[C@@H](C(N)=O)NC(=O)[C@H](CCC(=O)O)NC(=O)CNC(=O)[C@H]([C@@H](C)O)NC(=O)[C@H](CCC(=O)O)NC(=O)[C@@H]2C[C@H](F)CN2C(=O)[C@H](CC(=O)O)NC1=O)C(C)C,active,1623.79,-8.426329999999966,22.0,25.0,8.443697499232712
CHEMBL4747827,CC[C@H](C)[C@H](NC(=O)[C@H](CCCCN)NC(=O)[C@@H](NC(=O)[C@H](CCC(N)=O)NC(=O)[C@@H](N)CCCNC(=N)N)[C@@H](C)CC)C(=O)N[C@@H](Cc1c[nH]c2ccccc12)C(=O)N[C@@H](Cc1ccccc1)C(=O)N[C@@H](CCC(N)=O)C(=O)N[C@@H](CC(N)=O)C(=O)N[C@@H](CCCNC(=N)N)C(=O)N[C@@H](CCCNC(=N)N)C(=O)N[C@@H](CCSC)C(=O)N[C@@H](CCCCN)C(=O)N[C@@H](Cc1c[nH]c2ccccc12)C(=O)N[C@@H](CCCCN)C(=O)N[C@@H](CCCCN)C(=O)N[C@H]1CCn2cc(nn2)C[C@@H](C(N)=O)NC(=O)[C@H](CCC(=O)O)NC(=O)CNC(=O)[C@H]([C@@H](C)O)NC(=O)[C@H](CCC(=O)O)NC(=O)[C@@H]2C[C@H](F)CN2C(=O)[C@H](CC(=O)O)NC1=O,active,3113.5909999999953,-11.893790000000042,46.0,43.0,8.3767507096021
CHEMBL4747964,C[C@@H](O)[C@@H]1NC(=O)[C@H](CCC(=O)O)NC(=O)[C@@H]2C[C@H](F)CN2C(=O)[C@H](CC(=O)O)NC(=O)[C@@H](NC(=O)[C@H](CCCNC(=N)N)NC(=O)[C@H](CCCNC(=N)N)NC(=O)[C@H](CCCNC(=N)N)NC(=O)[C@H](CCC(N)=O)NC(=O)[C@H](CCCNC(=N)N)NC(=O)[C@H](CCCNC(=N)N)NC(=O)[C@H](CCCCN)NC(=O)[C@H](CCCCN)NC(=O)[C@H](CCCNC(=N)N)NC(=O)CNC(=O)[C@@H](N)Cc2ccc(O)cc2)CCn2cc(nn2)C[C@@H](C(N)=O)NC(=O)[C@H](CCC(=O)O)NC(=O)CNC1=O,active,2426.676,-16.883180000000007,45.0,37.0,8.522878745280337
CHEMBL4740349,C[C@@H](O)[C@@H]1NC(=O)[C@H](CCC(=O)O)NC(=O)[C@@H]2C[C@H](F)CN2C(=O)[C@H](CC(=O)O)NC(=O)[C@@H](NC(=O)[C@H](CCCNC(=N)N)NC(=O)[C@H](CCCNC(=N)N)NC(=O)[C@H](CCCNC(=N)N)NC(=O)[C@H](CCCNC(=N)N)NC(=O)[C@H](CCCNC(=N)N)NC(=O)[C@H](CCCNC(=N)N)NC(=O)[C@H](CCCNC(=N)N)NC(=O)[C@H](CCCNC(=N)N)NC(=O)[C@@H](N)CCCNC(=N)N)CCn2cc(nn2)C[C@@H](C(N)=O)NC(=O)[C@H](CCC(=O)O)NC(=O)CNC1=O,active,2290.5340000000006,-18.166170000000022,48.0,34.0,8.130768280269024
CHEMBL4740544,CC[C@H](C)[C@H](NC(=O)[C@H](CO)NC(=O)[C@H](C)NC(=O)[C@@H](N)CCSC)C(=O)N[C@@H](Cc1c[nH]c2ccccc12)C(=O)N[C@H](C(=O)NCC(=O)N[C@@H](Cc1c[nH]cn1)C(=O)N[C@@H](CCCNC(=N)N)C(=O)NCC(=O)N[C@H]1CCn2cc(nn2)C[C@@H](C(N)=O)NC(=O)[C@H](CCC(=O)O)NC(=O)CNC(=O)[C@H]([C@@H](C)O)NC(=O)[C@H](CCC(=O)O)NC(=O)[C@@H]2C[C@H](F)CN2C(=O)[C@H](CC(=O)O)NC1=O)C(C)C,active,1980.132000000001,-10.367529999999922,28.0,30.0,7.769551078621726
CHEMBL5176959,C[C@@H](O)[C@@H]1NC(=O)[C@H](CCC(=O)O)NC(=O)[C@H](CO)NC(=O)[C@H](CC(=O)O)NC(=O)[C@@H](N)Cc2ccc(cc2)OCCSC[C@@H](C(=O)O)NC(=O)[C@H](CCC(=O)O)NC(=O)CNC1=O,active,928.9279999999999,-5.631000000000014,14.0,16.0,8.55284196865778
